name	seq	length	%gc	tm (use 45)
NiV_6_Malaysia_1_RIGHT	TGTCTGGGTCATTGAGGAGACTT	23	47.83	61.01
NiV_6_Malaysia_2_RIGHT	GGATTGACTCTCTTTTGTTGGACG	24	45.83	60.08
NiV_6_Malaysia_3_RIGHT	GGCCAATTTCTCTGTAGAGTAGCA	24	45.83	60.38
NiV_6_Malaysia_4_RIGHT	ACTCTCTTGCCTTCCTGCTGAT	22	50.00	61.42
NiV_6_Malaysia_5_RIGHT	TTCCCCTTGAGTTCTGTTGCTG	22	50.00	60.75
NiV_6_Malaysia_6_RIGHT	ACACTAATAGTTCAAGATTTTGAGCAAGT	29	31.03	60.03
NiV_6_Malaysia_7_RIGHT	AGATTGCAGTTCACTTGTGCGA	22	45.45	61.06
NiV_6_Malaysia_8_RIGHT	GTGCACTGCAGAAAATCTTCCC	22	50.00	60.35
NiV_6_Malaysia_9_RIGHT	ACAAGACATACATTCCCATTGTTTGC	26	38.46	60.79
NiV_6_Malaysia_10_RIGHT	TGAGCTTCCTGCAAACTCATCTT	23	43.48	60.50
NiV_6_Malaysia_11_RIGHT	GGAGGCTGAGCATCTTTCCCTT	22	54.55	62.34
NiV_6_Malaysia_12_RIGHT	TCGTTGTCGTCTACGGGGTTTA	22	50.00	61.39
NiV_6_Malaysia_13_RIGHT	CCTTCAATGGTTGAGAGTGCGG	22	54.55	61.76
NiV_6_Malaysia_14_RIGHT	TCTGGATGAATCATCTGCCATAGG	24	45.83	60.02
NiV_6_Malaysia_15_RIGHT	TGTGTTATCGTCTGAGGGCTGG	22	54.55	62.05
NiV_6_Malaysia_16_RIGHT	TGCGTGAGAGATCTACAATACAAATCG	27	40.74	61.41
NiV_6_Malaysia_17_RIGHT	AGCTCCTGGGGTATAGATCTTGT	23	47.83	60.12
NiV_6_Malaysia_18_RIGHT	TCAACGTTCCGACAAACCTTGA	22	45.45	60.68
NiV_6_Malaysia_19_RIGHT	TGCAATTTCATCCTATCAATCTTCCTCC	28	39.29	61.58
NiV_6_Malaysia_20_RIGHT	TTCTGTTTAGCCCTTTAGAATTCTCCC	27	40.74	61.02
NiV_6_Malaysia_21_RIGHT	AAACCAGGAATTTCTTTGCCTTTCA	25	36.00	60.10
NiV_6_Malaysia_22_RIGHT	TCTTGTTACTCCTTTGACAAGTCCA	25	40.00	60.10
NiV_6_Malaysia_23_RIGHT	TTTGAGTTTGTTGATGTTGTCAGCA	25	36.00	60.34
NiV_6_Malaysia_24_RIGHT	GTCTTCTGTAGCGTAACCCAATGT	24	45.83	60.86
NiV_6_Malaysia_25_RIGHT	AGTCGATCCCGTTAAACATTCTCTC	25	44.00	60.68
NiV_6_Malaysia_26_RIGHT	AGGACTGATTCATGCTGGATATCTG	25	44.00	60.28
NiV_6_Malaysia_27_RIGHT	TTCATCAATCTGAATACACTATGTCCCA	28	35.71	60.38
NiV_6_Malaysia_28_RIGHT	ATTTTCTTGGTCGAAATGCTATTGTAGT	28	32.14	60.12
NiV_6_Malaysia_29_RIGHT	ACGTCAACAATACTTTCCTTCCCC	24	45.83	61.05
NiV_6_Malaysia_30_RIGHT	GGATACCCTGCAACGCATCTTT	22	50.00	61.26
NiV_6_Malaysia_31_RIGHT	TCTGATTAGATGTCTTTTGCAGGCA	25	40.00	60.80
NiV_6_Malaysia_32_RIGHT	AGGGTCTCCAACAGTTGACACT	22	50.00	61.23
NiV_6_Malaysia_33_RIGHT	TCTAATCCCCATAGATAGCCTGCA	24	45.83	60.51
NiV_6_Malaysia_34_RIGHT	AACTCCTTCCCAGCAGATCTCT	22	50.00	60.56
NiV_6_Malaysia_35_RIGHT	ATGAGGTTGATTTTTATGTACATTGCTCT	29	31.03	60.13
NiV_6_Malaysia_36_RIGHT	TCGGGCCGAAAATACTAAGTCTC	23	47.83	60.18
NiV_6_Malaysia_37_RIGHT	GGTAACAACGCTTTCAGTCTATGGT	25	44.00	61.31
NiV_6_Malaysia_38_RIGHT	TTTATGTTGTTTCTAATGTAATCACCCTGT	30	30.00	60.05
NiV_6_Malaysia_39_RIGHT	ACCATTTAGATTGACTCATATTCTTCCCT	29	34.48	60.39
NiV_6_Malaysia_40_RIGHT	TCCGATTTGACTGTTGTCTCCATC	24	45.83	60.86
NiV_6_Malaysia_41_RIGHT	ACGAAAGAAAGAAAAGAACTCTGCC	25	40.00	60.22
NiV_6_Malaysia_42_RIGHT	TTGAATCCCACAGAATGATTCCCA	24	41.67	60.26
NiV_6_Malaysia_43_RIGHT	TGCACGCATTTTGTAGGTCATCT	23	43.48	61.12
NiV_6_Malaysia_44_RIGHT	TCGTGTATTGGGTGACATGTTATGA	25	40.00	60.34
NiV_6_Malaysia_45_RIGHT	GGGCAATTAGGGTCTGCAACAT	22	50.00	61.21
NiV_6_Malaysia_46_RIGHT	TGTAGCTTTAAGATTGTGGCCGA	23	43.48	60.31
NiV_6_Malaysia_47_RIGHT	AATGGGAGATGTCACATCCAGTG	23	47.83	60.37
NiV_6_Malaysia_48_RIGHT	TTGGGTTCGGTGAGTTCCTCAG	22	54.55	62.19
NiV_6_Malaysia_49_RIGHT	TTGATGATATCAAGTCATTTTGTCTTCTGT	30	30.00	60.10
NiV_6_Malaysia_50_RIGHT	TCCGATCTTTCATCCGTACTTGATC	25	44.00	60.51
NiV_6_Malaysia_51_RIGHT	TCTCCCTCAATTCTGAAATCTAGATTGT	28	35.71	60.11
NiV_6_Malaysia_52_RIGHT	TTCCTCAGTTGACCATAAAGGAAAGT	26	38.46	60.41
NiV_6_Malaysia_53_RIGHT	AGGATGTGACAAGGCATTTGACA	23	43.48	60.75
NiV_6_Malaysia_54_RIGHT	TGTGGGTTTAGATCTATTATCCAAGGAG	28	39.29	60.22
NiV_6_Malaysia_55_RIGHT	TGCTGATTTTGTGTTCATAGACAGGA	26	38.46	60.97
NiV_6_Malaysia_56_RIGHT	CGTCAGAGATGGGTCTTCCTCA	22	54.55	61.21
NiV_6_Malaysia_57_RIGHT	GGGAAACACACCAGTACTAGTCC	23	52.17	60.31
NiV_6_Malaysia_58_RIGHT	TTCACTCTTAAGAATTTCTGGCCCA	25	40.00	60.46
NiV_6_Malaysia_59_RIGHT	CTTCTCTCTTGCATCCCTTTAGGT	24	45.83	60.08
NiV_6_Malaysia_60_RIGHT	ACCTTAGATCAACATAAGTTATCAGTTGGT	30	33.33	60.74
